"Cond","Chain","Gen","Item","Shape","Colour","Border","Code","Word","RatedSpikiness"
"Communication",0,1,"SpikyRed","Picudo","Rojo","Fino",147,"doje",5.0625
"Communication",0,1,"SpikyGreen","Picudo","Verde","Fino",157,"jutumu",4.75
"Communication",0,1,"SpikyBlue","Picudo","Azul","Fino",167,"neroro",3.333333333
"Communication",0,1,"SpikyRedThick","Picudo","Rojo","Grueso",148,"kite",6.133333333
"Communication",0,1,"SpikyGreenThick","Picudo","Verde","Grueso",158,"dejuzme",5.066666667
"Communication",0,1,"SpikyBlueThick","Picudo","Azul","Grueso",168,"pilu",3.9375
"Communication",0,1,"RoundRed","Redondo","Rojo","Fino",247,"dejuzme",5.066666667
"Communication",0,1,"RoundGreen","Redondo","Verde","Fino",257,"romibu",2.8125
"Communication",0,1,"RoundBlue","Redondo","Azul","Fino",267,"falucitu",3.857142857
"Communication",0,1,"RoundRedThick","Redondo","Rojo","Grueso",248,"kusijo",6.266666667
"Communication",0,1,"RoundGreenThick","Redondo","Verde","Grueso",258,"komibu",5.625
"Communication",0,1,"RoundBlueThick","Redondo","Azul","Grueso",268,"faludelu",2.875
"Communication",0,2,"SpikyRed","Picudo","Rojo","Fino",147,"kite",6.133333333
"Communication",0,2,"SpikyGreen","Picudo","Verde","Fino",157,"dejuzme",5.066666667
"Communication",0,2,"SpikyBlue","Picudo","Azul","Fino",167,"pilu",3.9375
"Communication",0,2,"SpikyRedThick","Picudo","Rojo","Grueso",148,"kite",6.133333333
"Communication",0,2,"SpikyGreenThick","Picudo","Verde","Grueso",158,"jutisu",4.928571429
"Communication",0,2,"SpikyBlueThick","Picudo","Azul","Grueso",168,"pilu",3.9375
"Communication",0,2,"RoundRed","Redondo","Rojo","Fino",247,"kiasu",6.133333333
"Communication",0,2,"RoundGreen","Redondo","Verde","Fino",257,"dejuzme",5.066666667
"Communication",0,2,"RoundBlue","Redondo","Azul","Fino",267,"fagudelu",3.6
"Communication",0,2,"RoundRedThick","Redondo","Rojo","Grueso",248,"fagudelu",3.6
"Communication",0,2,"RoundGreenThick","Redondo","Verde","Grueso",258,"duje",5.133333333
"Communication",0,2,"RoundBlueThick","Redondo","Azul","Grueso",268,"neroro",3.333333333
"Communication",0,3,"SpikyRed","Picudo","Rojo","Fino",147,"kite",6.133333333
"Communication",0,3,"SpikyGreen","Picudo","Verde","Fino",157,"jutisu",4.928571429
"Communication",0,3,"SpikyBlue","Picudo","Azul","Fino",167,"pilu",3.9375
"Communication",0,3,"SpikyRedThick","Picudo","Rojo","Grueso",148,"kite",6.133333333
"Communication",0,3,"SpikyGreenThick","Picudo","Verde","Grueso",158,"jutisu",4.928571429
"Communication",0,3,"SpikyBlueThick","Picudo","Azul","Grueso",168,"pilu",3.9375
"Communication",0,3,"RoundRed","Redondo","Rojo","Fino",247,"nagudelu",2.8125
"Communication",0,3,"RoundGreen","Redondo","Verde","Fino",257,"dejuzme",5.066666667
"Communication",0,3,"RoundBlue","Redondo","Azul","Fino",267,"nagudelu",2.8125
"Communication",0,3,"RoundRedThick","Redondo","Rojo","Grueso",248,"nagudelu",2.8125
"Communication",0,3,"RoundGreenThick","Redondo","Verde","Grueso",258,"duje",5.133333333
"Communication",0,3,"RoundBlueThick","Redondo","Azul","Grueso",268,"neroro",3.333333333
"Communication",0,4,"SpikyRed","Picudo","Rojo","Fino",147,"kite",6.133333333
"Communication",0,4,"SpikyGreen","Picudo","Verde","Fino",157,"juke",6.375
"Communication",0,4,"SpikyBlue","Picudo","Azul","Fino",167,"pitu",3.666666667
"Communication",0,4,"SpikyRedThick","Picudo","Rojo","Grueso",148,"kite",6.133333333
"Communication",0,4,"SpikyGreenThick","Picudo","Verde","Grueso",158,"jukee",5.866666667
"Communication",0,4,"SpikyBlueThick","Picudo","Azul","Grueso",168,"pilu",3.9375
"Communication",0,4,"RoundRed","Redondo","Rojo","Fino",247,"nagudelu",2.8125
"Communication",0,4,"RoundGreen","Redondo","Verde","Fino",257,"dejuzme",5.066666667
"Communication",0,4,"RoundBlue","Redondo","Azul","Fino",267,"naguleddu",2.733333333
"Communication",0,4,"RoundRedThick","Redondo","Rojo","Grueso",248,"nagudelu",2.8125
"Communication",0,4,"RoundGreenThick","Redondo","Verde","Grueso",258,"dejuzmee",4.8125
"Communication",0,4,"RoundBlueThick","Redondo","Azul","Grueso",268,"nagudelu",2.8125
"Communication",0,5,"SpikyRed","Picudo","Rojo","Fino",147,"pitu",3.666666667
"Communication",0,5,"SpikyGreen","Picudo","Verde","Fino",157,"juke",6.375
"Communication",0,5,"SpikyBlue","Picudo","Azul","Fino",167,"pilu",3.9375
"Communication",0,5,"SpikyRedThick","Picudo","Rojo","Grueso",148,"pilu",3.9375
"Communication",0,5,"SpikyGreenThick","Picudo","Verde","Grueso",158,"kite",6.133333333
"Communication",0,5,"SpikyBlueThick","Picudo","Azul","Grueso",168,"pilubl",2.8125
"Communication",0,5,"RoundRed","Redondo","Rojo","Fino",247,"nagudelur",3.6
"Communication",0,5,"RoundGreen","Redondo","Verde","Fino",257,"dejuzme",5.066666667
"Communication",0,5,"RoundBlue","Redondo","Azul","Fino",267,"naguleddu",2.733333333
"Communication",0,5,"RoundRedThick","Redondo","Rojo","Grueso",248,"nagudelurr",3.666666667
"Communication",0,5,"RoundGreenThick","Redondo","Verde","Grueso",258,"dejuzmee",4.8125
"Communication",0,5,"RoundBlueThick","Redondo","Azul","Grueso",268,"nagudelu",2.8125
"Communication",0,6,"SpikyRed","Picudo","Rojo","Fino",147,"kite",6.133333333
"Communication",0,6,"SpikyGreen","Picudo","Verde","Fino",157,"juke",6.375
"Communication",0,6,"SpikyBlue","Picudo","Azul","Fino",167,"pitu",3.666666667
"Communication",0,6,"SpikyRedThick","Picudo","Rojo","Grueso",148,"pilu",3.9375
"Communication",0,6,"SpikyGreenThick","Picudo","Verde","Grueso",158,"kite",6.133333333
"Communication",0,6,"SpikyBlueThick","Picudo","Azul","Grueso",168,"pitubl",4
"Communication",0,6,"RoundRed","Redondo","Rojo","Fino",247,"nabuleddu",2.466666667
"Communication",0,6,"RoundGreen","Redondo","Verde","Fino",257,"dejuzme",5.066666667
"Communication",0,6,"RoundBlue","Redondo","Azul","Fino",267,"nabuledu",2.4
"Communication",0,6,"RoundRedThick","Redondo","Rojo","Grueso",248,"naguledurr",3.733333333
"Communication",0,6,"RoundGreenThick","Redondo","Verde","Grueso",258,"dejuzmee",4.8125
"Communication",0,6,"RoundBlueThick","Redondo","Azul","Grueso",268,"naguleddu",2.733333333
"Communication",1,1,"SpikyRed","Picudo","Rojo","Fino",147,"faludelu",2.875
"Communication",1,1,"SpikyGreen","Picudo","Verde","Fino",157,"doje",5.0625
"Communication",1,1,"SpikyBlue","Picudo","Azul","Fino",167,"doje",5.0625
"Communication",1,1,"SpikyRedThick","Picudo","Rojo","Grueso",148,"kamijace",6.2
"Communication",1,1,"SpikyGreenThick","Picudo","Verde","Grueso",158,"faludelu",2.875
"Communication",1,1,"SpikyBlueThick","Picudo","Azul","Grueso",168,"neroro",3.333333333
"Communication",1,1,"RoundRed","Redondo","Rojo","Fino",247,"faludela",3.1875
"Communication",1,1,"RoundGreen","Redondo","Verde","Fino",257,"pilu",3.9375
"Communication",1,1,"RoundBlue","Redondo","Azul","Fino",267,"faludela",3.1875
"Communication",1,1,"RoundRedThick","Redondo","Rojo","Grueso",248,"tezuja",5.533333333
"Communication",1,1,"RoundGreenThick","Redondo","Verde","Grueso",258,"faludela",3.1875
"Communication",1,1,"RoundBlueThick","Redondo","Azul","Grueso",268,"doje",5.0625
"Communication",1,2,"SpikyRed","Picudo","Rojo","Fino",147,"faludefa",3.733333333
"Communication",1,2,"SpikyGreen","Picudo","Verde","Fino",157,"faludelu",2.875
"Communication",1,2,"SpikyBlue","Picudo","Azul","Fino",167,"faludelu",2.875
"Communication",1,2,"SpikyRedThick","Picudo","Rojo","Grueso",148,"kamijace",6.2
"Communication",1,2,"SpikyGreenThick","Picudo","Verde","Grueso",158,"doje",5.0625
"Communication",1,2,"SpikyBlueThick","Picudo","Azul","Grueso",168,"neroro",3.333333333
"Communication",1,2,"RoundRed","Redondo","Rojo","Fino",247,"faludefa",3.733333333
"Communication",1,2,"RoundGreen","Redondo","Verde","Fino",257,"pilu",3.9375
"Communication",1,2,"RoundBlue","Redondo","Azul","Fino",267,"pilu",3.9375
"Communication",1,2,"RoundRedThick","Redondo","Rojo","Grueso",248,"faludefa",3.733333333
"Communication",1,2,"RoundGreenThick","Redondo","Verde","Grueso",258,"faludelu",2.875
"Communication",1,2,"RoundBlueThick","Redondo","Azul","Grueso",268,"faludelu",2.875
"Communication",1,3,"SpikyRed","Picudo","Rojo","Fino",147,"keroro",4.8
"Communication",1,3,"SpikyGreen","Picudo","Verde","Fino",157,"kamijazu",6
"Communication",1,3,"SpikyBlue","Picudo","Azul","Fino",167,"neroro",3.333333333
"Communication",1,3,"SpikyRedThick","Picudo","Rojo","Grueso",148,"kamijace",6.2
"Communication",1,3,"SpikyGreenThick","Picudo","Verde","Grueso",158,"kamidefa",5.5
"Communication",1,3,"SpikyBlueThick","Picudo","Azul","Grueso",168,"neroro",3.333333333
"Communication",1,3,"RoundRed","Redondo","Rojo","Fino",247,"faludefu",3.266666667
"Communication",1,3,"RoundGreen","Redondo","Verde","Fino",257,"pilu",3.9375
"Communication",1,3,"RoundBlue","Redondo","Azul","Fino",267,"neroro",3.333333333
"Communication",1,3,"RoundRedThick","Redondo","Rojo","Grueso",248,"faludefa",3.733333333
"Communication",1,3,"RoundGreenThick","Redondo","Verde","Grueso",258,"pilu",3.9375
"Communication",1,3,"RoundBlueThick","Redondo","Azul","Grueso",268,"faludefu",3.266666667
"Communication",1,4,"SpikyRed","Picudo","Rojo","Fino",147,"faludefa",3.733333333
"Communication",1,4,"SpikyGreen","Picudo","Verde","Fino",157,"kamikazu",6.333333333
"Communication",1,4,"SpikyBlue","Picudo","Azul","Fino",167,"neroro",3.333333333
"Communication",1,4,"SpikyRedThick","Picudo","Rojo","Grueso",148,"kamijace",6.2
"Communication",1,4,"SpikyGreenThick","Picudo","Verde","Grueso",158,"kamijazu",6
"Communication",1,4,"SpikyBlueThick","Picudo","Azul","Grueso",168,"kamikazu",6.333333333
"Communication",1,4,"RoundRed","Redondo","Rojo","Fino",247,"faludefa",3.733333333
"Communication",1,4,"RoundGreen","Redondo","Verde","Fino",257,"pilu",3.9375
"Communication",1,4,"RoundBlue","Redondo","Azul","Fino",267,"neroro",3.333333333
"Communication",1,4,"RoundRedThick","Redondo","Rojo","Grueso",248,"faludefa",3.733333333
"Communication",1,4,"RoundGreenThick","Redondo","Verde","Grueso",258,"pilu",3.9375
"Communication",1,4,"RoundBlueThick","Redondo","Azul","Grueso",268,"faludefu",3.266666667
"Communication",1,5,"SpikyRed","Picudo","Rojo","Fino",147,"faludefa",3.733333333
"Communication",1,5,"SpikyGreen","Picudo","Verde","Fino",157,"kamikazu",6.333333333
"Communication",1,5,"SpikyBlue","Picudo","Azul","Fino",167,"neroro",3.333333333
"Communication",1,5,"SpikyRedThick","Picudo","Rojo","Grueso",148,"kamijace",6.2
"Communication",1,5,"SpikyGreenThick","Picudo","Verde","Grueso",158,"kamikazu",6.333333333
"Communication",1,5,"SpikyBlueThick","Picudo","Azul","Grueso",168,"kamikazu",6.333333333
"Communication",1,5,"RoundRed","Redondo","Rojo","Fino",247,"faludefa",3.733333333
"Communication",1,5,"RoundGreen","Redondo","Verde","Fino",257,"pilu",3.9375
"Communication",1,5,"RoundBlue","Redondo","Azul","Fino",267,"neroro",3.333333333
"Communication",1,5,"RoundRedThick","Redondo","Rojo","Grueso",248,"faludefa",3.733333333
"Communication",1,5,"RoundGreenThick","Redondo","Verde","Grueso",258,"kamikazu",6.333333333
"Communication",1,5,"RoundBlueThick","Redondo","Azul","Grueso",268,"kamijazu",6
"Communication",1,6,"SpikyRed","Picudo","Rojo","Fino",147,"falepa",3.666666667
"Communication",1,6,"SpikyGreen","Picudo","Verde","Fino",157,"kamicazuu",6.2
"Communication",1,6,"SpikyBlue","Picudo","Azul","Fino",167,"kamicazuneroro",6.066666667
"Communication",1,6,"SpikyRedThick","Picudo","Rojo","Grueso",148,"kamijace",6.2
"Communication",1,6,"SpikyGreenThick","Picudo","Verde","Grueso",158,"kamicazu",6.133333333
"Communication",1,6,"SpikyBlueThick","Picudo","Azul","Grueso",168,"kamicazuneroro",6.066666667
"Communication",1,6,"RoundRed","Redondo","Rojo","Fino",247,"falepa",3.666666667
"Communication",1,6,"RoundGreen","Redondo","Verde","Fino",257,"pilo",3.533333333
"Communication",1,6,"RoundBlue","Redondo","Azul","Fino",267,"neroro",3.333333333
"Communication",1,6,"RoundRedThick","Redondo","Rojo","Grueso",248,"piloluuuu",3.266666667
"Communication",1,6,"RoundGreenThick","Redondo","Verde","Grueso",258,"piluuu",3.214285714
"Communication",1,6,"RoundBlueThick","Redondo","Azul","Grueso",268,"nerorooo",2.733333333
"Communication",2,1,"SpikyRed","Picudo","Rojo","Fino",147,"pilu",3.9375
"Communication",2,1,"SpikyGreen","Picudo","Verde","Fino",157,"fukopo",5.733333333
"Communication",2,1,"SpikyBlue","Picudo","Azul","Fino",167,"tajuba",4.266666667
"Communication",2,1,"SpikyRedThick","Picudo","Rojo","Grueso",148,"doje",5.0625
"Communication",2,1,"SpikyGreenThick","Picudo","Verde","Grueso",158,"neroro",3.333333333
"Communication",2,1,"SpikyBlueThick","Picudo","Azul","Grueso",168,"neroro",3.333333333
"Communication",2,1,"RoundRed","Redondo","Rojo","Fino",247,"sitobuna",3.333333333
"Communication",2,1,"RoundGreen","Redondo","Verde","Fino",257,"kipe",5.6875
"Communication",2,1,"RoundBlue","Redondo","Azul","Fino",267,"faludelu",2.875
"Communication",2,1,"RoundRedThick","Redondo","Rojo","Grueso",248,"tajeba",4.875
"Communication",2,1,"RoundGreenThick","Redondo","Verde","Grueso",258,"romiba",3.2
"Communication",2,1,"RoundBlueThick","Redondo","Azul","Grueso",268,"tajibe",5.214285714
"Communication",2,2,"SpikyRed","Picudo","Rojo","Fino",147,"rombeber",2.866666667
"Communication",2,2,"SpikyGreen","Picudo","Verde","Fino",157,"romembe",2.533333333
"Communication",2,2,"SpikyBlue","Picudo","Azul","Fino",167,"rombembo",2
"Communication",2,2,"SpikyRedThick","Picudo","Rojo","Grueso",148,"pilu",3.9375
"Communication",2,2,"SpikyGreenThick","Picudo","Verde","Grueso",158,"rombembe",2.266666667
"Communication",2,2,"SpikyBlueThick","Picudo","Azul","Grueso",168,"rombembe",2.266666667
"Communication",2,2,"RoundRed","Redondo","Rojo","Fino",247,"ralucito",3.9375
"Communication",2,2,"RoundGreen","Redondo","Verde","Fino",257,"faculito",3.1875
"Communication",2,2,"RoundBlue","Redondo","Azul","Fino",267,"rombembe",2.266666667
"Communication",2,2,"RoundRedThick","Redondo","Rojo","Grueso",248,"rombembe",2.266666667
"Communication",2,2,"RoundGreenThick","Redondo","Verde","Grueso",258,"faculito",3.1875
"Communication",2,2,"RoundBlueThick","Redondo","Azul","Grueso",268,"faculito",3.1875
"Communication",2,3,"SpikyRed","Picudo","Rojo","Fino",147,"romkbeber",5.466666667
"Communication",2,3,"SpikyGreen","Picudo","Verde","Fino",157,"romembe",2.533333333
"Communication",2,3,"SpikyBlue","Picudo","Azul","Fino",167,"rombembo",2
"Communication",2,3,"SpikyRedThick","Picudo","Rojo","Grueso",148,"pilu",3.9375
"Communication",2,3,"SpikyGreenThick","Picudo","Verde","Grueso",158,"rombembe",2.266666667
"Communication",2,3,"SpikyBlueThick","Picudo","Azul","Grueso",168,"rombembo",2
"Communication",2,3,"RoundRed","Redondo","Rojo","Fino",247,"falucito",3
"Communication",2,3,"RoundGreen","Redondo","Verde","Fino",257,"faculito",3.1875
"Communication",2,3,"RoundBlue","Redondo","Azul","Fino",267,"faculito",3.1875
"Communication",2,3,"RoundRedThick","Redondo","Rojo","Grueso",248,"falucit",3.933333333
"Communication",2,3,"RoundGreenThick","Redondo","Verde","Grueso",258,"faculito",3.1875
"Communication",2,3,"RoundBlueThick","Redondo","Azul","Grueso",268,"faculito",3.1875
"Communication",2,4,"SpikyRed","Picudo","Rojo","Fino",147,"romkbebe",4.6875
"Communication",2,4,"SpikyGreen","Picudo","Verde","Fino",157,"rombebe",2.666666667
"Communication",2,4,"SpikyBlue","Picudo","Azul","Fino",167,"rombembo",2
"Communication",2,4,"SpikyRedThick","Picudo","Rojo","Grueso",148,"pilu",3.9375
"Communication",2,4,"SpikyGreenThick","Picudo","Verde","Grueso",158,"romkbebe",4.6875
"Communication",2,4,"SpikyBlueThick","Picudo","Azul","Grueso",168,"rombebo",2.666666667
"Communication",2,4,"RoundRed","Redondo","Rojo","Fino",247,"faculito",3.1875
"Communication",2,4,"RoundGreen","Redondo","Verde","Fino",257,"faculito",3.1875
"Communication",2,4,"RoundBlue","Redondo","Azul","Fino",267,"faculito",3.1875
"Communication",2,4,"RoundRedThick","Redondo","Rojo","Grueso",248,"rombebe",2.666666667
"Communication",2,4,"RoundGreenThick","Redondo","Verde","Grueso",258,"falucito",3
"Communication",2,4,"RoundBlueThick","Redondo","Azul","Grueso",268,"falucito",3
"Communication",2,5,"SpikyRed","Picudo","Rojo","Fino",147,"romkbebe",4.6875
"Communication",2,5,"SpikyGreen","Picudo","Verde","Fino",157,"romkbebo",5.133333333
"Communication",2,5,"SpikyBlue","Picudo","Azul","Fino",167,"rombebo",2.666666667
"Communication",2,5,"SpikyRedThick","Picudo","Rojo","Grueso",148,"pilu",3.9375
"Communication",2,5,"SpikyGreenThick","Picudo","Verde","Grueso",158,"romkbebe",4.6875
"Communication",2,5,"SpikyBlueThick","Picudo","Azul","Grueso",168,"ronbebo",2.666666667
"Communication",2,5,"RoundRed","Redondo","Rojo","Fino",247,"faculito",3.1875
"Communication",2,5,"RoundGreen","Redondo","Verde","Fino",257,"facultito",3.8125
"Communication",2,5,"RoundBlue","Redondo","Azul","Fino",267,"faculito",3.1875
"Communication",2,5,"RoundRedThick","Redondo","Rojo","Grueso",248,"falucito",3
"Communication",2,5,"RoundGreenThick","Redondo","Verde","Grueso",258,"rombebe",2.666666667
"Communication",2,5,"RoundBlueThick","Redondo","Azul","Grueso",268,"falucito",3
"Communication",2,6,"SpikyRed","Picudo","Rojo","Fino",147,"romkbebe",4.6875
"Communication",2,6,"SpikyGreen","Picudo","Verde","Fino",157,"romkbebo",5.133333333
"Communication",2,6,"SpikyBlue","Picudo","Azul","Fino",167,"rombebo",2.666666667
"Communication",2,6,"SpikyRedThick","Picudo","Rojo","Grueso",148,"pilu",3.9375
"Communication",2,6,"SpikyGreenThick","Picudo","Verde","Grueso",158,"ronbebe",2.4
"Communication",2,6,"SpikyBlueThick","Picudo","Azul","Grueso",168,"ronbebo",2.666666667
"Communication",2,6,"RoundRed","Redondo","Rojo","Fino",247,"faculito",3.1875
"Communication",2,6,"RoundGreen","Redondo","Verde","Fino",257,"facultito",3.8125
"Communication",2,6,"RoundBlue","Redondo","Azul","Fino",267,"faculito",3.1875
"Communication",2,6,"RoundRedThick","Redondo","Rojo","Grueso",248,"falucito",3
"Communication",2,6,"RoundGreenThick","Redondo","Verde","Grueso",258,"falucito",3
"Communication",2,6,"RoundBlueThick","Redondo","Azul","Grueso",268,"falucito",3
"Communication",3,1,"SpikyRed","Picudo","Rojo","Fino",147,"romiba",3.2
"Communication",3,1,"SpikyGreen","Picudo","Verde","Fino",157,"romive",3.8125
"Communication",3,1,"SpikyBlue","Picudo","Azul","Fino",167,"romiaz",3.866666667
"Communication",3,1,"SpikyRedThick","Picudo","Rojo","Grueso",148,"romibaa",2.8
"Communication",3,1,"SpikyGreenThick","Picudo","Verde","Grueso",158,"nezuve",4.3125
"Communication",3,1,"SpikyBlueThick","Picudo","Azul","Grueso",168,"neruzeje",5.2
"Communication",3,1,"RoundRed","Redondo","Rojo","Fino",247,"romiba",3.2
"Communication",3,1,"RoundGreen","Redondo","Verde","Fino",257,"romiva",4.066666667
"Communication",3,1,"RoundBlue","Redondo","Azul","Fino",267,"neru",3.857142857
"Communication",3,1,"RoundRedThick","Redondo","Rojo","Grueso",248,"romiba",3.2
"Communication",3,1,"RoundGreenThick","Redondo","Verde","Grueso",258,"romive",3.8125
"Communication",3,1,"RoundBlueThick","Redondo","Azul","Grueso",268,"neruzejee",5.8
"Communication",3,2,"SpikyRed","Picudo","Rojo","Fino",147,"romiba",3.2
"Communication",3,2,"SpikyGreen","Picudo","Verde","Fino",157,"romiaz",3.866666667
"Communication",3,2,"SpikyBlue","Picudo","Azul","Fino",167,"neruzeje",5.2
"Communication",3,2,"SpikyRedThick","Picudo","Rojo","Grueso",148,"romibaa",2.8
"Communication",3,2,"SpikyGreenThick","Picudo","Verde","Grueso",158,"romive",3.8125
"Communication",3,2,"SpikyBlueThick","Picudo","Azul","Grueso",168,"neruzeje",5.2
"Communication",3,2,"RoundRed","Redondo","Rojo","Fino",247,"romiba",3.2
"Communication",3,2,"RoundGreen","Redondo","Verde","Fino",257,"romive",3.8125
"Communication",3,2,"RoundBlue","Redondo","Azul","Fino",267,"neru",3.857142857
"Communication",3,2,"RoundRedThick","Redondo","Rojo","Grueso",248,"romiva",4.066666667
"Communication",3,2,"RoundGreenThick","Redondo","Verde","Grueso",258,"romive",3.8125
"Communication",3,2,"RoundBlueThick","Redondo","Azul","Grueso",268,"neruzejee",5.8
"Communication",3,3,"SpikyRed","Picudo","Rojo","Fino",147,"romiva",4.066666667
"Communication",3,3,"SpikyGreen","Picudo","Verde","Fino",157,"romive",3.8125
"Communication",3,3,"SpikyBlue","Picudo","Azul","Fino",167,"neruzeje",5.2
"Communication",3,3,"SpikyRedThick","Picudo","Rojo","Grueso",148,"romiva",4.066666667
"Communication",3,3,"SpikyGreenThick","Picudo","Verde","Grueso",158,"romive",3.8125
"Communication",3,3,"SpikyBlueThick","Picudo","Azul","Grueso",168,"neruzeje",5.2
"Communication",3,3,"RoundRed","Redondo","Rojo","Fino",247,"romiba",3.2
"Communication",3,3,"RoundGreen","Redondo","Verde","Fino",257,"romive",3.8125
"Communication",3,3,"RoundBlue","Redondo","Azul","Fino",267,"neru",3.857142857
"Communication",3,3,"RoundRedThick","Redondo","Rojo","Grueso",248,"romiba",3.2
"Communication",3,3,"RoundGreenThick","Redondo","Verde","Grueso",258,"romive",3.8125
"Communication",3,3,"RoundBlueThick","Redondo","Azul","Grueso",268,"neruzejee",5.8
"Communication",3,4,"SpikyRed","Picudo","Rojo","Fino",147,"rremuva",3.466666667
"Communication",3,4,"SpikyGreen","Picudo","Verde","Fino",157,"remuvec",4.866666667
"Communication",3,4,"SpikyBlue","Picudo","Azul","Fino",167,"neruzeje",5.2
"Communication",3,4,"SpikyRedThick","Picudo","Rojo","Grueso",148,"remuva",3.533333333
"Communication",3,4,"SpikyGreenThick","Picudo","Verde","Grueso",158,"remuve",3.066666667
"Communication",3,4,"SpikyBlueThick","Picudo","Azul","Grueso",168,"neruzeje",5.2
"Communication",3,4,"RoundRed","Redondo","Rojo","Fino",247,"remuuba",2.333333333
"Communication",3,4,"RoundGreen","Redondo","Verde","Fino",257,"remuba",2.466666667
"Communication",3,4,"RoundBlue","Redondo","Azul","Fino",267,"neruseje",4.375
"Communication",3,4,"RoundRedThick","Redondo","Rojo","Grueso",248,"remuba",2.466666667
"Communication",3,4,"RoundGreenThick","Redondo","Verde","Grueso",258,"romibe",2.875
"Communication",3,4,"RoundBlueThick","Redondo","Azul","Grueso",268,"neruzejee",5.8
"Communication",3,5,"SpikyRed","Picudo","Rojo","Fino",147,"remuba",2.466666667
"Communication",3,5,"SpikyGreen","Picudo","Verde","Fino",157,"remuve",3.066666667
"Communication",3,5,"SpikyBlue","Picudo","Azul","Fino",167,"remuva",3.533333333
"Communication",3,5,"SpikyRedThick","Picudo","Rojo","Grueso",148,"remuvaa",3.375
"Communication",3,5,"SpikyGreenThick","Picudo","Verde","Grueso",158,"remuve",3.066666667
"Communication",3,5,"SpikyBlueThick","Picudo","Azul","Grueso",168,"zureje",5.733333333
"Communication",3,5,"RoundRed","Redondo","Rojo","Fino",247,"remuba",2.466666667
"Communication",3,5,"RoundGreen","Redondo","Verde","Fino",257,"remuvee",3.266666667
"Communication",3,5,"RoundBlue","Redondo","Azul","Fino",267,"zueje",5.6875
"Communication",3,5,"RoundRedThick","Redondo","Rojo","Grueso",248,"remuba",2.466666667
"Communication",3,5,"RoundGreenThick","Redondo","Verde","Grueso",258,"remuvee",3.266666667
"Communication",3,5,"RoundBlueThick","Redondo","Azul","Grueso",268,"zureje",5.733333333
"Communication",3,6,"SpikyRed","Picudo","Rojo","Fino",147,"remuva",3.533333333
"Communication",3,6,"SpikyGreen","Picudo","Verde","Fino",157,"vremuvaa",3.266666667
"Communication",3,6,"SpikyBlue","Picudo","Azul","Fino",167,"zureje",5.733333333
"Communication",3,6,"SpikyRedThick","Picudo","Rojo","Grueso",148,"remuvaa",3.375
"Communication",3,6,"SpikyGreenThick","Picudo","Verde","Grueso",158,"vremuvaa",3.266666667
"Communication",3,6,"SpikyBlueThick","Picudo","Azul","Grueso",168,"zureje",5.733333333
"Communication",3,6,"RoundRed","Redondo","Rojo","Fino",247,"remuba",2.466666667
"Communication",3,6,"RoundGreen","Redondo","Verde","Fino",257,"vremuba",3.9375
"Communication",3,6,"RoundBlue","Redondo","Azul","Fino",267,"zueje",5.6875
"Communication",3,6,"RoundRedThick","Redondo","Rojo","Grueso",248,"remuba",2.466666667
"Communication",3,6,"RoundGreenThick","Redondo","Verde","Grueso",258,"vremuvaa",3.266666667
"Communication",3,6,"RoundBlueThick","Redondo","Azul","Grueso",268,"zueje",5.6875
"Learn",4,1,"SpikyRed","Picudo","Rojo","Fino",147,"tukebona",5.4
"Learn",4,1,"SpikyGreen","Picudo","Verde","Fino",157,"pilu",3.9375
"Learn",4,1,"SpikyBlue","Picudo","Azul","Fino",167,"kipe",5.6875
"Learn",4,1,"SpikyRedThick","Picudo","Rojo","Grueso",148,"quemusije",5.133333333
"Learn",4,1,"SpikyGreenThick","Picudo","Verde","Grueso",158,"romiba",3.2
"Learn",4,1,"SpikyBlueThick","Picudo","Azul","Grueso",168,"doze",3.6875
"Learn",4,1,"RoundRed","Redondo","Rojo","Fino",247,"zisa",5.4
"Learn",4,1,"RoundGreen","Redondo","Verde","Fino",257,"neroro",3.333333333
"Learn",4,1,"RoundBlue","Redondo","Azul","Fino",267,"kipe",5.6875
"Learn",4,1,"RoundRedThick","Redondo","Rojo","Grueso",248,"faludelu",2.875
"Learn",4,1,"RoundGreenThick","Redondo","Verde","Grueso",258,"romiba",3.2
"Learn",4,1,"RoundBlueThick","Redondo","Azul","Grueso",268,"kopo",4.3125
"Learn",4,2,"SpikyRed","Picudo","Rojo","Fino",147,"tuquebona",3.8
"Learn",4,2,"SpikyGreen","Picudo","Verde","Fino",157,"lea",2.333333333
"Learn",4,2,"SpikyBlue","Picudo","Azul","Fino",167,"kipe",5.6875
"Learn",4,2,"SpikyRedThick","Picudo","Rojo","Grueso",148,"quemusije",5.133333333
"Learn",4,2,"SpikyGreenThick","Picudo","Verde","Grueso",158,"remuru",3.333333333
"Learn",4,2,"SpikyBlueThick","Picudo","Azul","Grueso",168,"kipe",5.6875
"Learn",4,2,"RoundRed","Redondo","Rojo","Fino",247,"romiba",3.2
"Learn",4,2,"RoundGreen","Redondo","Verde","Fino",257,"neruru",2.8
"Learn",4,2,"RoundBlue","Redondo","Azul","Fino",267,"doze",3.6875
"Learn",4,2,"RoundRedThick","Redondo","Rojo","Grueso",248,"faludelu",2.875
"Learn",4,2,"RoundGreenThick","Redondo","Verde","Grueso",258,"paludelu",3.4
"Learn",4,2,"RoundBlueThick","Redondo","Azul","Grueso",268,"kipe",5.6875
"Learn",4,3,"SpikyRed","Picudo","Rojo","Fino",147,"quemusije",5.133333333
"Learn",4,3,"SpikyGreen","Picudo","Verde","Fino",157,"lea",2.333333333
"Learn",4,3,"SpikyBlue","Picudo","Azul","Fino",167,"kipe",5.6875
"Learn",4,3,"SpikyRedThick","Picudo","Rojo","Grueso",148,"faludelu",2.875
"Learn",4,3,"SpikyGreenThick","Picudo","Verde","Grueso",158,"romiba",3.2
"Learn",4,3,"SpikyBlueThick","Picudo","Azul","Grueso",168,"neruru",2.8
"Learn",4,3,"RoundRed","Redondo","Rojo","Fino",247,"faludelu",2.875
"Learn",4,3,"RoundGreen","Redondo","Verde","Fino",257,"quemusije",5.133333333
"Learn",4,3,"RoundBlue","Redondo","Azul","Fino",267,"doze",3.6875
"Learn",4,3,"RoundRedThick","Redondo","Rojo","Grueso",248,"romiba",3.2
"Learn",4,3,"RoundGreenThick","Redondo","Verde","Grueso",258,"faludelu",2.875
"Learn",4,3,"RoundBlueThick","Redondo","Azul","Grueso",268,"neruru",2.8
"Learn",4,4,"SpikyRed","Picudo","Rojo","Fino",147,"quemusije",5.133333333
"Learn",4,4,"SpikyGreen","Picudo","Verde","Fino",157,"lea",2.333333333
"Learn",4,4,"SpikyBlue","Picudo","Azul","Fino",167,"kipe",5.6875
"Learn",4,4,"SpikyRedThick","Picudo","Rojo","Grueso",148,"faludelu",2.875
"Learn",4,4,"SpikyGreenThick","Picudo","Verde","Grueso",158,"faludelu",2.875
"Learn",4,4,"SpikyBlueThick","Picudo","Azul","Grueso",168,"neruru",2.8
"Learn",4,4,"RoundRed","Redondo","Rojo","Fino",247,"quemusije",5.133333333
"Learn",4,4,"RoundGreen","Redondo","Verde","Fino",257,"quemusije",5.133333333
"Learn",4,4,"RoundBlue","Redondo","Azul","Fino",267,"doze",3.6875
"Learn",4,4,"RoundRedThick","Redondo","Rojo","Grueso",248,"faludelu",2.875
"Learn",4,4,"RoundGreenThick","Redondo","Verde","Grueso",258,"neruru",2.8
"Learn",4,4,"RoundBlueThick","Redondo","Azul","Grueso",268,"neruru",2.8
"Learn",4,5,"SpikyRed","Picudo","Rojo","Fino",147,"quesimuje",5.4
"Learn",4,5,"SpikyGreen","Picudo","Verde","Fino",157,"lea",2.333333333
"Learn",4,5,"SpikyBlue","Picudo","Azul","Fino",167,"kiper",6.133333333
"Learn",4,5,"SpikyRedThick","Picudo","Rojo","Grueso",148,"faludelu",2.875
"Learn",4,5,"SpikyGreenThick","Picudo","Verde","Grueso",158,"faludelu",2.875
"Learn",4,5,"SpikyBlueThick","Picudo","Azul","Grueso",168,"neruru",2.8
"Learn",4,5,"RoundRed","Redondo","Rojo","Fino",247,"quemusije",5.133333333
"Learn",4,5,"RoundGreen","Redondo","Verde","Fino",257,"quesimuje",5.4
"Learn",4,5,"RoundBlue","Redondo","Azul","Fino",267,"doze",3.6875
"Learn",4,5,"RoundRedThick","Redondo","Rojo","Grueso",248,"faludelu",2.875
"Learn",4,5,"RoundGreenThick","Redondo","Verde","Grueso",258,"faludelu",2.875
"Learn",4,5,"RoundBlueThick","Redondo","Azul","Grueso",268,"neruru",2.8
"Learn",4,6,"SpikyRed","Picudo","Rojo","Fino",147,"neruru",2.8
"Learn",4,6,"SpikyGreen","Picudo","Verde","Fino",157,"lea",2.333333333
"Learn",4,6,"SpikyBlue","Picudo","Azul","Fino",167,"kiper",6.133333333
"Learn",4,6,"SpikyRedThick","Picudo","Rojo","Grueso",148,"faludelu",2.875
"Learn",4,6,"SpikyGreenThick","Picudo","Verde","Grueso",158,"neruru",2.8
"Learn",4,6,"SpikyBlueThick","Picudo","Azul","Grueso",168,"kiper",6.133333333
"Learn",4,6,"RoundRed","Redondo","Rojo","Fino",247,"quemusije",5.133333333
"Learn",4,6,"RoundGreen","Redondo","Verde","Fino",257,"quesimuje",5.4
"Learn",4,6,"RoundBlue","Redondo","Azul","Fino",267,"doze",3.6875
"Learn",4,6,"RoundRedThick","Redondo","Rojo","Grueso",248,"faludelu",2.875
"Learn",4,6,"RoundGreenThick","Redondo","Verde","Grueso",258,"faludelu",2.875
"Learn",4,6,"RoundBlueThick","Redondo","Azul","Grueso",268,"neruru",2.8
"Learn",5,1,"SpikyRed","Picudo","Rojo","Fino",147,"rimba",2.5
"Learn",5,1,"SpikyGreen","Picudo","Verde","Fino",157,"rimba",2.5
"Learn",5,1,"SpikyBlue","Picudo","Azul","Fino",167,"timajeba",4.4375
"Learn",5,1,"SpikyRedThick","Picudo","Rojo","Grueso",148,"zisu",5
"Learn",5,1,"SpikyGreenThick","Picudo","Verde","Grueso",158,"rimba",2.5
"Learn",5,1,"SpikyBlueThick","Picudo","Azul","Grueso",168,"rimba",2.5
"Learn",5,1,"RoundRed","Redondo","Rojo","Fino",247,"falodelu",3
"Learn",5,1,"RoundGreen","Redondo","Verde","Fino",257,"rimba",2.5
"Learn",5,1,"RoundBlue","Redondo","Azul","Fino",267,"rimba",2.5
"Learn",5,1,"RoundRedThick","Redondo","Rojo","Grueso",248,"falodelu",3
"Learn",5,1,"RoundGreenThick","Redondo","Verde","Grueso",258,"pilu",3.9375
"Learn",5,1,"RoundBlueThick","Redondo","Azul","Grueso",268,"pilu",3.9375
"Learn",5,2,"SpikyRed","Picudo","Rojo","Fino",147,"faladea",2.733333333
"Learn",5,2,"SpikyGreen","Picudo","Verde","Fino",157,"rimba",2.5
"Learn",5,2,"SpikyBlue","Picudo","Azul","Fino",167,"rimba",2.5
"Learn",5,2,"SpikyRedThick","Picudo","Rojo","Grueso",148,"zisu",5
"Learn",5,2,"SpikyGreenThick","Picudo","Verde","Grueso",158,"riba",3.6875
"Learn",5,2,"SpikyBlueThick","Picudo","Azul","Grueso",168,"rimba",2.5
"Learn",5,2,"RoundRed","Redondo","Rojo","Fino",247,"falodea",3.333333333
"Learn",5,2,"RoundGreen","Redondo","Verde","Fino",257,"rimba",2.5
"Learn",5,2,"RoundBlue","Redondo","Azul","Fino",267,"rimba",2.5
"Learn",5,2,"RoundRedThick","Redondo","Rojo","Grueso",248,"faladea",2.733333333
"Learn",5,2,"RoundGreenThick","Redondo","Verde","Grueso",258,"pilu",3.9375
"Learn",5,2,"RoundBlueThick","Redondo","Azul","Grueso",268,"pilu",3.9375
"Learn",5,3,"SpikyRed","Picudo","Rojo","Fino",147,"falodea",3.333333333
"Learn",5,3,"SpikyGreen","Picudo","Verde","Fino",157,"pilu",3.9375
"Learn",5,3,"SpikyBlue","Picudo","Azul","Fino",167,"rimba",2.5
"Learn",5,3,"SpikyRedThick","Picudo","Rojo","Grueso",148,"falodea",3.333333333
"Learn",5,3,"SpikyGreenThick","Picudo","Verde","Grueso",158,"zisu",5
"Learn",5,3,"SpikyBlueThick","Picudo","Azul","Grueso",168,"rmba",3.466666667
"Learn",5,3,"RoundRed","Redondo","Rojo","Fino",247,"faladea",2.733333333
"Learn",5,3,"RoundGreen","Redondo","Verde","Fino",257,"rimba",2.5
"Learn",5,3,"RoundBlue","Redondo","Azul","Fino",267,"rimba",2.5
"Learn",5,3,"RoundRedThick","Redondo","Rojo","Grueso",248,"zisu",5
"Learn",5,3,"RoundGreenThick","Redondo","Verde","Grueso",258,"rimba",2.5
"Learn",5,3,"RoundBlueThick","Redondo","Azul","Grueso",268,"rimba",2.5
"Learn",5,4,"SpikyRed","Picudo","Rojo","Fino",147,"falodea",3.333333333
"Learn",5,4,"SpikyGreen","Picudo","Verde","Fino",157,"piu",4.666666667
"Learn",5,4,"SpikyBlue","Picudo","Azul","Fino",167,"pilu",3.9375
"Learn",5,4,"SpikyRedThick","Picudo","Rojo","Grueso",148,"falodea",3.333333333
"Learn",5,4,"SpikyGreenThick","Picudo","Verde","Grueso",158,"zisu",5
"Learn",5,4,"SpikyBlueThick","Picudo","Azul","Grueso",168,"falodea",3.333333333
"Learn",5,4,"RoundRed","Redondo","Rojo","Fino",247,"faladea",2.733333333
"Learn",5,4,"RoundGreen","Redondo","Verde","Fino",257,"rimba",2.5
"Learn",5,4,"RoundBlue","Redondo","Azul","Fino",267,"rimba",2.5
"Learn",5,4,"RoundRedThick","Redondo","Rojo","Grueso",248,"faladea",2.733333333
"Learn",5,4,"RoundGreenThick","Redondo","Verde","Grueso",258,"rimba",2.5
"Learn",5,4,"RoundBlueThick","Redondo","Azul","Grueso",268,"rimba",2.5
"Learn",5,5,"SpikyRed","Picudo","Rojo","Fino",147,"piu",4.666666667
"Learn",5,5,"SpikyGreen","Picudo","Verde","Fino",157,"pilu",3.9375
"Learn",5,5,"SpikyBlue","Picudo","Azul","Fino",167,"piu",4.666666667
"Learn",5,5,"SpikyRedThick","Picudo","Rojo","Grueso",148,"falabea",2.625
"Learn",5,5,"SpikyGreenThick","Picudo","Verde","Grueso",158,"pilu",3.9375
"Learn",5,5,"SpikyBlueThick","Picudo","Azul","Grueso",168,"zimba",3.666666667
"Learn",5,5,"RoundRed","Redondo","Rojo","Fino",247,"paladea",2.666666667
"Learn",5,5,"RoundGreen","Redondo","Verde","Fino",257,"rimba",2.5
"Learn",5,5,"RoundBlue","Redondo","Azul","Fino",267,"rimba",2.5
"Learn",5,5,"RoundRedThick","Redondo","Rojo","Grueso",248,"faladea",2.733333333
"Learn",5,5,"RoundGreenThick","Redondo","Verde","Grueso",258,"rimba",2.5
"Learn",5,5,"RoundBlueThick","Redondo","Azul","Grueso",268,"zimba",3.666666667
"Learn",5,6,"SpikyRed","Picudo","Rojo","Fino",147,"piu",4.666666667
"Learn",5,6,"SpikyGreen","Picudo","Verde","Fino",157,"piu",4.666666667
"Learn",5,6,"SpikyBlue","Picudo","Azul","Fino",167,"piu",4.666666667
"Learn",5,6,"SpikyRedThick","Picudo","Rojo","Grueso",148,"falabea",2.625
"Learn",5,6,"SpikyGreenThick","Picudo","Verde","Grueso",158,"pilu",3.9375
"Learn",5,6,"SpikyBlueThick","Picudo","Azul","Grueso",168,"zimba",3.666666667
"Learn",5,6,"RoundRed","Redondo","Rojo","Fino",247,"paladea",2.666666667
"Learn",5,6,"RoundGreen","Redondo","Verde","Fino",257,"rimba",2.5
"Learn",5,6,"RoundBlue","Redondo","Azul","Fino",267,"rimba",2.5
"Learn",5,6,"RoundRedThick","Redondo","Rojo","Grueso",248,"faladea",2.733333333
"Learn",5,6,"RoundGreenThick","Redondo","Verde","Grueso",258,"zimba",3.666666667
"Learn",5,6,"RoundBlueThick","Redondo","Azul","Grueso",268,"zimba",3.666666667
"Learn",6,1,"SpikyRed","Picudo","Rojo","Fino",147,"fukopo",5.733333333
"Learn",6,1,"SpikyGreen","Picudo","Verde","Fino",157,"faludelu",2.875
"Learn",6,1,"SpikyBlue","Picudo","Azul","Fino",167,"neroro",3.333333333
"Learn",6,1,"SpikyRedThick","Picudo","Rojo","Grueso",148,"fukopo",5.733333333
"Learn",6,1,"SpikyGreenThick","Picudo","Verde","Grueso",158,"l",4.1875
"Learn",6,1,"SpikyBlueThick","Picudo","Azul","Grueso",168,"pilu",3.9375
"Learn",6,1,"RoundRed","Redondo","Rojo","Fino",247,"doje",5.0625
"Learn",6,1,"RoundGreen","Redondo","Verde","Fino",257,"kipe",5.6875
"Learn",6,1,"RoundBlue","Redondo","Azul","Fino",267,"sitonuna",3.533333333
"Learn",6,1,"RoundRedThick","Redondo","Rojo","Grueso",248,"k",6.666666667
"Learn",6,1,"RoundGreenThick","Redondo","Verde","Grueso",258,"dojo",4.6
"Learn",6,1,"RoundBlueThick","Redondo","Azul","Grueso",268,"k",6.666666667
"Learn",6,2,"SpikyRed","Picudo","Rojo","Fino",147,"fukopo",5.733333333
"Learn",6,2,"SpikyGreen","Picudo","Verde","Fino",157,"faludelu",2.875
"Learn",6,2,"SpikyBlue","Picudo","Azul","Fino",167,"neroro",3.333333333
"Learn",6,2,"SpikyRedThick","Picudo","Rojo","Grueso",148,"fukopo",5.733333333
"Learn",6,2,"SpikyGreenThick","Picudo","Verde","Grueso",158,"l",4.1875
"Learn",6,2,"SpikyBlueThick","Picudo","Azul","Grueso",168,"pilu",3.9375
"Learn",6,2,"RoundRed","Redondo","Rojo","Fino",247,"doje",5.0625
"Learn",6,2,"RoundGreen","Redondo","Verde","Fino",257,"dojo",4.6
"Learn",6,2,"RoundBlue","Redondo","Azul","Fino",267,"siturama",3.8
"Learn",6,2,"RoundRedThick","Redondo","Rojo","Grueso",248,"k",6.666666667
"Learn",6,2,"RoundGreenThick","Redondo","Verde","Grueso",258,"dojo",4.6
"Learn",6,2,"RoundBlueThick","Redondo","Azul","Grueso",268,"k",6.666666667
"Learn",6,3,"SpikyRed","Picudo","Rojo","Fino",147,"fukopo",5.733333333
"Learn",6,3,"SpikyGreen","Picudo","Verde","Fino",157,"farulele",3.266666667
"Learn",6,3,"SpikyBlue","Picudo","Azul","Fino",167,"sonorama",2.466666667
"Learn",6,3,"SpikyRedThick","Picudo","Rojo","Grueso",148,"fukopo",5.733333333
"Learn",6,3,"SpikyGreenThick","Picudo","Verde","Grueso",158,"fadulele",3.1875
"Learn",6,3,"SpikyBlueThick","Picudo","Azul","Grueso",168,"pilu",3.9375
"Learn",6,3,"RoundRed","Redondo","Rojo","Fino",247,"doje",5.0625
"Learn",6,3,"RoundGreen","Redondo","Verde","Fino",257,"dojo",4.6
"Learn",6,3,"RoundBlue","Redondo","Azul","Fino",267,"sonorama",2.466666667
"Learn",6,3,"RoundRedThick","Redondo","Rojo","Grueso",248,"doje",5.0625
"Learn",6,3,"RoundGreenThick","Redondo","Verde","Grueso",258,"dojo",4.6
"Learn",6,3,"RoundBlueThick","Redondo","Azul","Grueso",268,"sonorama",2.466666667
"Learn",6,4,"SpikyRed","Picudo","Rojo","Fino",147,"doje",5.0625
"Learn",6,4,"SpikyGreen","Picudo","Verde","Fino",157,"fadulele",3.1875
"Learn",6,4,"SpikyBlue","Picudo","Azul","Fino",167,"sonorama",2.466666667
"Learn",6,4,"SpikyRedThick","Picudo","Rojo","Grueso",148,"farulele",3.266666667
"Learn",6,4,"SpikyGreenThick","Picudo","Verde","Grueso",158,"fadulele",3.1875
"Learn",6,4,"SpikyBlueThick","Picudo","Azul","Grueso",168,"pilu",3.9375
"Learn",6,4,"RoundRed","Redondo","Rojo","Fino",247,"doje",5.0625
"Learn",6,4,"RoundGreen","Redondo","Verde","Fino",257,"dojo",4.6
"Learn",6,4,"RoundBlue","Redondo","Azul","Fino",267,"dojo",4.6
"Learn",6,4,"RoundRedThick","Redondo","Rojo","Grueso",248,"doje",5.0625
"Learn",6,4,"RoundGreenThick","Redondo","Verde","Grueso",258,"dojo",4.6
"Learn",6,4,"RoundBlueThick","Redondo","Azul","Grueso",268,"farulele",3.266666667
"Learn",6,5,"SpikyRed","Picudo","Rojo","Fino",147,"doje",5.0625
"Learn",6,5,"SpikyGreen","Picudo","Verde","Fino",157,"fadulele",3.1875
"Learn",6,5,"SpikyBlue","Picudo","Azul","Fino",167,"samurama",2.8
"Learn",6,5,"SpikyRedThick","Picudo","Rojo","Grueso",148,"fadulele",3.1875
"Learn",6,5,"SpikyGreenThick","Picudo","Verde","Grueso",158,"fadulele",3.1875
"Learn",6,5,"SpikyBlueThick","Picudo","Azul","Grueso",168,"farulele",3.266666667
"Learn",6,5,"RoundRed","Redondo","Rojo","Fino",247,"doje",5.0625
"Learn",6,5,"RoundGreen","Redondo","Verde","Fino",257,"doje",5.0625
"Learn",6,5,"RoundBlue","Redondo","Azul","Fino",267,"dojo",4.6
"Learn",6,5,"RoundRedThick","Redondo","Rojo","Grueso",248,"dojo",4.6
"Learn",6,5,"RoundGreenThick","Redondo","Verde","Grueso",258,"doje",5.0625
"Learn",6,5,"RoundBlueThick","Redondo","Azul","Grueso",268,"dojo",4.6
"Learn",6,6,"SpikyRed","Picudo","Rojo","Fino",147,"fadulele",3.1875
"Learn",6,6,"SpikyGreen","Picudo","Verde","Fino",157,"fadulele",3.1875
"Learn",6,6,"SpikyBlue","Picudo","Azul","Fino",167,"samurana",3.333333333
"Learn",6,6,"SpikyRedThick","Picudo","Rojo","Grueso",148,"fadulele",3.1875
"Learn",6,6,"SpikyGreenThick","Picudo","Verde","Grueso",158,"fadulele",3.1875
"Learn",6,6,"SpikyBlueThick","Picudo","Azul","Grueso",168,"farulele",3.266666667
"Learn",6,6,"RoundRed","Redondo","Rojo","Fino",247,"dojo",4.6
"Learn",6,6,"RoundGreen","Redondo","Verde","Fino",257,"doje",5.0625
"Learn",6,6,"RoundBlue","Redondo","Azul","Fino",267,"dojo",4.6
"Learn",6,6,"RoundRedThick","Redondo","Rojo","Grueso",248,"doje",5.0625
"Learn",6,6,"RoundGreenThick","Redondo","Verde","Grueso",258,"doje",5.0625
"Learn",6,6,"RoundBlueThick","Redondo","Azul","Grueso",268,"dojo",4.6
"Learn",7,1,"SpikyRed","Picudo","Rojo","Fino",147,"timaceba",3.2
"Learn",7,1,"SpikyGreen","Picudo","Verde","Fino",157,"kimapeba",5.5
"Learn",7,1,"SpikyBlue","Picudo","Azul","Fino",167,"timaceba",3.2
"Learn",7,1,"SpikyRedThick","Picudo","Rojo","Grueso",148,"faludelu",2.875
"Learn",7,1,"SpikyGreenThick","Picudo","Verde","Grueso",158,"kimaceba",5.066666667
"Learn",7,1,"SpikyBlueThick","Picudo","Azul","Grueso",168,"kimaceba",5.066666667
"Learn",7,1,"RoundRed","Redondo","Rojo","Fino",247,"tamiziba",4
"Learn",7,1,"RoundGreen","Redondo","Verde","Fino",257,"kipe",5.6875
"Learn",7,1,"RoundBlue","Redondo","Azul","Fino",267,"romiba",3.2
"Learn",7,1,"RoundRedThick","Redondo","Rojo","Grueso",248,"faludelu",2.875
"Learn",7,1,"RoundGreenThick","Redondo","Verde","Grueso",258,"timaceba",3.2
"Learn",7,1,"RoundBlueThick","Redondo","Azul","Grueso",268,"neroro",3.333333333
"Learn",7,2,"SpikyRed","Picudo","Rojo","Fino",147,"timaceba",3.2
"Learn",7,2,"SpikyGreen","Picudo","Verde","Fino",157,"timaziba",4.5625
"Learn",7,2,"SpikyBlue","Picudo","Azul","Fino",167,"tibaceba",2.8
"Learn",7,2,"SpikyRedThick","Picudo","Rojo","Grueso",148,"faludelu",2.875
"Learn",7,2,"SpikyGreenThick","Picudo","Verde","Grueso",158,"kimaceba",5.066666667
"Learn",7,2,"SpikyBlueThick","Picudo","Azul","Grueso",168,"faludelu",2.875
"Learn",7,2,"RoundRed","Redondo","Rojo","Fino",247,"romiba",3.2
"Learn",7,2,"RoundGreen","Redondo","Verde","Fino",257,"kimaziba",5.933333333
"Learn",7,2,"RoundBlue","Redondo","Azul","Fino",267,"kimacepa",5.357142857
"Learn",7,2,"RoundRedThick","Redondo","Rojo","Grueso",248,"rombila",3.066666667
"Learn",7,2,"RoundGreenThick","Redondo","Verde","Grueso",258,"neuroro",3.125
"Learn",7,2,"RoundBlueThick","Redondo","Azul","Grueso",268,"neuror",3.333333333
"Learn",7,3,"SpikyRed","Picudo","Rojo","Fino",147,"timaziba",4.5625
"Learn",7,3,"SpikyGreen","Picudo","Verde","Fino",157,"timaceba",3.2
"Learn",7,3,"SpikyBlue","Picudo","Azul","Fino",167,"timaziba",4.5625
"Learn",7,3,"SpikyRedThick","Picudo","Rojo","Grueso",148,"faludelu",2.875
"Learn",7,3,"SpikyGreenThick","Picudo","Verde","Grueso",158,"timaziba",4.5625
"Learn",7,3,"SpikyBlueThick","Picudo","Azul","Grueso",168,"faludelu",2.875
"Learn",7,3,"RoundRed","Redondo","Rojo","Fino",247,"romiba",3.2
"Learn",7,3,"RoundGreen","Redondo","Verde","Fino",257,"kimaceba",5.066666667
"Learn",7,3,"RoundBlue","Redondo","Azul","Fino",267,"kimaceba",5.066666667
"Learn",7,3,"RoundRedThick","Redondo","Rojo","Grueso",248,"rombila",3.066666667
"Learn",7,3,"RoundGreenThick","Redondo","Verde","Grueso",258,"neuroro",3.125
"Learn",7,3,"RoundBlueThick","Redondo","Azul","Grueso",268,"neuror",3.333333333
"Learn",7,4,"SpikyRed","Picudo","Rojo","Fino",147,"timaceba",3.2
"Learn",7,4,"SpikyGreen","Picudo","Verde","Fino",157,"timaziba",4.5625
"Learn",7,4,"SpikyBlue","Picudo","Azul","Fino",167,"timaceba",3.2
"Learn",7,4,"SpikyRedThick","Picudo","Rojo","Grueso",148,"faludelu",2.875
"Learn",7,4,"SpikyGreenThick","Picudo","Verde","Grueso",158,"kimaziba",5.933333333
"Learn",7,4,"SpikyBlueThick","Picudo","Azul","Grueso",168,"faludelu",2.875
"Learn",7,4,"RoundRed","Redondo","Rojo","Fino",247,"rombila",3.066666667
"Learn",7,4,"RoundGreen","Redondo","Verde","Fino",257,"timaceba",3.2
"Learn",7,4,"RoundBlue","Redondo","Azul","Fino",267,"timaziba",4.5625
"Learn",7,4,"RoundRedThick","Redondo","Rojo","Grueso",248,"rombila",3.066666667
"Learn",7,4,"RoundGreenThick","Redondo","Verde","Grueso",258,"neuroro",3.125
"Learn",7,4,"RoundBlueThick","Redondo","Azul","Grueso",268,"neuror",3.333333333
"Learn",7,5,"SpikyRed","Picudo","Rojo","Fino",147,"kimaceba",5.066666667
"Learn",7,5,"SpikyGreen","Picudo","Verde","Fino",157,"kimaziba",5.933333333
"Learn",7,5,"SpikyBlue","Picudo","Azul","Fino",167,"kimaziba",5.933333333
"Learn",7,5,"SpikyRedThick","Picudo","Rojo","Grueso",148,"faludelu",2.875
"Learn",7,5,"SpikyGreenThick","Picudo","Verde","Grueso",158,"faludelu",2.875
"Learn",7,5,"SpikyBlueThick","Picudo","Azul","Grueso",168,"faludelu",2.875
"Learn",7,5,"RoundRed","Redondo","Rojo","Fino",247,"neuroro",3.125
"Learn",7,5,"RoundGreen","Redondo","Verde","Fino",257,"kimaziba",5.933333333
"Learn",7,5,"RoundBlue","Redondo","Azul","Fino",267,"kimaziba",5.933333333
"Learn",7,5,"RoundRedThick","Redondo","Rojo","Grueso",248,"rombila",3.066666667
"Learn",7,5,"RoundGreenThick","Redondo","Verde","Grueso",258,"neuror",3.333333333
"Learn",7,5,"RoundBlueThick","Redondo","Azul","Grueso",268,"neuror",3.333333333
"Learn",7,6,"SpikyRed","Picudo","Rojo","Fino",147,"kimaceba",5.066666667
"Learn",7,6,"SpikyGreen","Picudo","Verde","Fino",157,"kimaziba",5.933333333
"Learn",7,6,"SpikyBlue","Picudo","Azul","Fino",167,"kimaziba",5.933333333
"Learn",7,6,"SpikyRedThick","Picudo","Rojo","Grueso",148,"faludelu",2.875
"Learn",7,6,"SpikyGreenThick","Picudo","Verde","Grueso",158,"faludelu",2.875
"Learn",7,6,"SpikyBlueThick","Picudo","Azul","Grueso",168,"faludelu",2.875
"Learn",7,6,"RoundRed","Redondo","Rojo","Fino",247,"neuroro",3.125
"Learn",7,6,"RoundGreen","Redondo","Verde","Fino",257,"kimaziba",5.933333333
"Learn",7,6,"RoundBlue","Redondo","Azul","Fino",267,"kimaziba",5.933333333
"Learn",7,6,"RoundRedThick","Redondo","Rojo","Grueso",248,"neuroro",3.125
"Learn",7,6,"RoundGreenThick","Redondo","Verde","Grueso",258,"neuror",3.333333333
"Learn",7,6,"RoundBlueThick","Redondo","Azul","Grueso",268,"neuror",3.333333333
